url,pages
https://www.doctify.com/uk/find/egg-freezing/harley-street/practices#distance=10,20
https://www.doctify.com/uk/find/endometriosis/harley-street/practices#distance=10,55
https://www.doctify.com/uk/find/in-vitro-fertilisation-ivf-treatment/harley-street/practices#distance=10,25
https://www.doctify.com/uk/find/menopause/harley-street/practices#distance=10,60
https://www.doctify.com/uk/find/obstetrics-gynaecology/harley-street/practices#distance=10,180
https://www.doctify.com/uk/find/sexual-reproductive-health/harley-street/practices#distance=10,25
https://www.doctify.com/uk/find/urology/harley-street/practices#distance=10,85
https://www.doctify.com/uk/find/orthopaedic-surgery/harley-street/practices#distance=10,40
https://www.doctify.com/uk/find/imaging-scans/harley-street/practices#distance=10,20
https://www.doctify.com/uk/find/mens-health/harley-street/practices#distance=10,25
https://www.doctify.com/uk/find/longevity-medicine/harley-street/practices#distance=10,12
https://www.doctify.com/uk/find/ophthalmology/harley-street/practices#distance=10,45
https://www.doctify.com/uk/find/dermatology/harley-street/practices#distance=10,130
